queue,average_error,bias,accuracy_score
billing,4.377784721843626,2.2408490383075206,95.62221527815638
complaints,5.195011725548933,2.0837299528140574,94.80498827445106
retentions,4.3234249207670485,0.9394945927506569,95.67657507923295
sales,4.8506107078701115,0.984889768930056,95.14938929212988
